month,year,temp
1,1854,64.5908
2,1854,65.372
3,1854,64.9688
4,1854,59.927
5,1854,57.5042
6,1854,54.518
7,1854,53.1914
8,1854,52.8044
9,1854,53.3912
10,1854,54.7538
11,1854,57.317
12,1854,60.0296
1,1855,63.3578
2,1855,64.346
3,1855,63.6584
4,1855,61.5848
5,1855,58.0028
6,1855,54.842
7,1855,53.1554
8,1855,52.3094
9,1855,52.61
10,1855,57.407
11,1855,58.1558
12,1855,60.9206
1,1856,61.8422
2,1856,62.033
3,1856,62.1266
4,1856,59.801
5,1856,55.4288
6,1856,53.2688
7,1856,50.9306
8,1856,51.5516
9,1856,52.8494
10,1856,53.9078
11,1856,55.5854
12,1856,63.7466
1,1857,63.5648
2,1857,63.1166
3,1857,62.1446
4,1857,58.5608
5,1857,53.8034
6,1857,52.9538
7,1857,52.6676
8,1857,52.3364
9,1857,53.3354
10,1857,53.9888
11,1857,56.4602
12,1857,59.5634
1,1858,61.0502
2,1858,63.3416
3,1858,62.8052
4,1858,57.5726
5,1858,55.0436
6,1858,53.4056
7,1858,51.0404
8,1858,52.4174
9,1858,53.5388
10,1858,54.6008
11,1858,57.254
12,1858,62.276
1,1859,64.5872
2,1859,65.4764
3,1859,63.0788
4,1859,61.016
5,1859,57.407
6,1859,54.3794
7,1859,52.7036
8,1859,51.89
9,1859,52.3202
10,1859,57.3152
11,1859,58.595
12,1859,61.4156
1,1860,65.2388
2,1860,65.804
3,1860,63.7088
4,1860,62.105
5,1860,58.3124
6,1860,55.3352
7,1860,52.6028
8,1860,51.4688
9,1860,52.9808
10,1860,55.7942
11,1860,60.0872
12,1860,64.9634
1,1861,63.9734
2,1861,68.9846
3,1861,65.6078
4,1861,63.0572
5,1861,60.3302
6,1861,57.7382
7,1861,54.6116
8,1861,52.3562
9,1861,55.2866
10,1861,58.3754
11,1861,60.6596
12,1861,64.2272
1,1862,64.283
2,1862,68.4356
3,1862,65.9192
4,1862,62.0546
5,1862,57.542
6,1862,54.3596
7,1862,54.4784
8,1862,53.5118
9,1862,56.0588
10,1862,55.9904
11,1862,60.6974
12,1862,62.2904
1,1863,65.9498
2,1863,64.2596
3,1863,63.6476
4,1863,58.6634
5,1863,57.0434
6,1863,54.113
7,1863,52.7378
8,1863,50.9648
9,1863,51.998
10,1863,55.1426
11,1863,55.328
12,1863,59.7524
1,1864,67.3232
2,1864,68.0738
3,1864,64.0526
4,1864,63.0752
5,1864,58.01
6,1864,55.0634
7,1864,55.4144
8,1864,50.7146
9,1864,55.904
10,1864,58.3358
11,1864,61.8296
12,1864,66.3548
1,1865,66.8336
2,1865,67.5932
3,1865,65.3756
4,1865,61.6586
5,1865,56.867
6,1865,53.8502
7,1865,52.3886
8,1865,52.124
9,1865,54.1544
10,1865,55.0238
11,1865,59.4608
12,1865,61.8836
1,1866,66.3566
2,1866,68.846
3,1866,66.1676
4,1866,61.5794
5,1866,57.812
6,1866,53.7026
7,1866,54.5684
8,1866,54.6854
9,1866,56.7734
10,1866,59.3294
11,1866,63.3092
12,1866,66.191
1,1867,68.5094
2,1867,66.992
3,1867,64.5098
4,1867,62.7998
5,1867,57.4934
6,1867,52.9466
7,1867,54.6908
8,1867,52.8314
9,1867,55.5782
10,1867,57.209
11,1867,57.3314
12,1867,63.041
1,1868,63.7088
2,1868,62.9726
3,1868,63.3146
4,1868,60.2762
5,1868,56.8994
6,1868,54.005
7,1868,53.5982
8,1868,52.052
9,1868,53.7008
10,1868,55.3118
11,1868,58.5104
12,1868,60.7874
1,1869,64.7744
2,1869,65.1074
3,1869,63.2642
4,1869,61.1204
5,1869,56.66
6,1869,54.8294
7,1869,51.449
8,1869,52.9124
9,1869,53.8574
10,1869,55.9886
11,1869,59.4338
12,1869,62.9906
1,1870,65.3702
2,1870,65.9174
3,1870,64.382
4,1870,60.0296
5,1870,57.7994
6,1870,56.1974
7,1870,53.3066
8,1870,52.9034
9,1870,54.1166
10,1870,57.0704
11,1870,61.1492
12,1870,59.1656
1,1871,62.915
2,1871,64.0076
3,1871,63.338
4,1871,59.6606
5,1871,58.2116
6,1871,54.77
7,1871,54.1724
8,1871,52.556
9,1871,53.0798
10,1871,55.9292
11,1871,58.5752
12,1871,61.3958
1,1872,66.4898
2,1872,68.0234
3,1872,64.1642
4,1872,61.9844
5,1872,59.2718
6,1872,55.184
7,1872,54.005
8,1872,51.9728
9,1872,54.725
10,1872,55.328
11,1872,60.125
12,1872,65.6204
1,1873,64.2056
2,1873,64.6934
3,1873,64.9202
4,1873,60.161
5,1873,58.3592
6,1873,55.4774
7,1873,52.6298
8,1873,53.3606
9,1873,54.2048
10,1873,56.3846
11,1873,59.3672
12,1873,63.9068
1,1874,66.3242
2,1874,66.3098
3,1874,65.3252
4,1874,61.0412
5,1874,57.8102
6,1874,54.1598
7,1874,52.1906
8,1874,53.7998
9,1874,54.9284
10,1874,54.9644
11,1874,59.0234
12,1874,61.88
1,1875,64.58
2,1875,66.9002
3,1875,64.328
4,1875,63.2516
5,1875,58.1936
6,1875,55.283
7,1875,54.3596
8,1875,52.3022
9,1875,52.7882
10,1875,55.8266
11,1875,57.7958
12,1875,63.6638
1,1876,65.3684
2,1876,66.191
3,1876,65.5322
4,1876,61.9322
5,1876,58.2872
6,1876,55.0526
7,1876,53.9006
8,1876,53.2256
9,1876,54.5594
10,1876,58.4798
11,1876,60.8378
12,1876,61.7522
1,1877,64.5638
2,1877,65.4908
3,1877,64.9724
4,1877,59.9396
5,1877,56.6096
6,1877,54.2228
7,1877,51.7082
8,1877,53.0798
9,1877,53.4452
10,1877,56.5988
11,1877,59.7758
12,1877,61.889
1,1878,62.4236
2,1878,63.1724
3,1878,64.0778
4,1878,62.186
5,1878,56.1326
6,1878,55.4378
7,1878,52.4426
8,1878,51.7064
9,1878,56.057
10,1878,56.237
11,1878,60.3158
12,1878,64.8428
1,1879,64.2218
2,1879,63.4064
3,1879,64.6448
4,1879,58.9316
5,1879,58.8992
6,1879,54.2822
7,1879,52.457
8,1879,52.3832
9,1879,55.8914
10,1879,56.2028
11,1879,60.5894
12,1879,62.8142
1,1880,65.156
2,1880,67.4546
3,1880,65.849
4,1880,62.5262
5,1880,58.9658
6,1880,54.149
7,1880,53.447
8,1880,52.9862
9,1880,55.6736
10,1880,56.372
11,1880,60.2996
12,1880,61.88
1,1881,62.8358
2,1881,66.5078
3,1881,65.1218
4,1881,62.3894
5,1881,58.1054
6,1881,55.724
7,1881,53.7368
8,1881,53.5478
9,1881,54.7124
10,1881,56.4116
11,1881,59.909
12,1881,61.3328
1,1882,63.95
2,1882,64.0076
3,1882,65.8814
4,1882,62.3336
5,1882,56.9372
6,1882,55.7726
7,1882,53.2382
8,1882,52.5848
9,1882,55.3298
10,1882,55.2326
11,1882,57.9938
12,1882,63.0734
1,1883,66.4988
2,1883,67.5698
3,1883,66.0056
4,1883,59.7668
5,1883,57.5726
6,1883,54.7052
7,1883,53.186
8,1883,52.3112
9,1883,53.465
10,1883,55.049
11,1883,57.3908
12,1883,60.1736
1,1884,60.395
2,1884,62.1914
3,1884,62.2904
4,1884,59
5,1884,55.1102
6,1884,54.2336
7,1884,52.961
8,1884,53.8376
9,1884,54.1688
10,1884,55.6142
11,1884,57.0794
12,1884,60.629
1,1885,62.4416
2,1885,64.7294
3,1885,63.32
4,1885,59.3492
5,1885,56.7068
6,1885,55.1498
7,1885,53.8214
8,1885,52.322
9,1885,53.7494
10,1885,55.1138
11,1885,58.1846
12,1885,61.4156
1,1886,65.1902
2,1886,67.172
3,1886,64.6844
4,1886,62.0294
5,1886,57.2702
6,1886,53.006
7,1886,51.4418
8,1886,52.5488
9,1886,53.1788
10,1886,55.5548
11,1886,59.3492
12,1886,61.0826
1,1887,67.6958
2,1887,67.2818
3,1887,66.1226
4,1887,62.3516
5,1887,57.398
6,1887,55.4756
7,1887,53.2598
8,1887,50.8226
9,1887,53.4272
10,1887,55.382
11,1887,57.407
12,1887,60.476
1,1888,63.2462
2,1888,62.6252
3,1888,63.0212
4,1888,58.7786
5,1888,56.9876
6,1888,53.8592
7,1888,53.2688
8,1888,54.0266
9,1888,53.6252
10,1888,55.4774
11,1888,56.2874
12,1888,58.3574
1,1889,65.3126
2,1889,65.6438
3,1889,63.7178
4,1889,60.4274
5,1889,57.5258
6,1889,54.7448
7,1889,53.1392
8,1889,52.8134
9,1889,55.904
10,1889,56.8202
11,1889,58.8074
12,1889,62.6936
1,1890,62.3732
2,1890,66.074
3,1890,64.013
4,1890,62.0564
5,1890,57.182
6,1890,55.7168
7,1890,53.6972
8,1890,53.2256
9,1890,55.103
10,1890,57.722
11,1890,58.2656
12,1890,62.8574
1,1891,63.7664
2,1891,65.4764
3,1891,63.6818
4,1891,59.8388
5,1891,56.2838
6,1891,51.6722
7,1891,51.9278
8,1891,53.087
9,1891,55.0886
10,1891,56.4242
11,1891,59.2664
12,1891,64.3118
1,1892,64.4414
2,1892,65.2874
3,1892,65.813
4,1892,62.0924
5,1892,57.3224
6,1892,54.6674
7,1892,52.7342
8,1892,54.3722
9,1892,54.4604
10,1892,56.6384
11,1892,61.5326
12,1892,61.3796
1,1893,64.8392
2,1893,65.5826
3,1893,61.736
4,1893,61.6892
5,1893,59.5076
6,1893,54.7988
7,1893,54.0212
8,1893,55.1912
9,1893,55.8158
10,1893,58.3538
11,1893,62.6162
12,1893,61.9214
1,1894,66.4952
2,1894,66.461
3,1894,63.9932
4,1894,59.6714
5,1894,57.263
6,1894,54.8618
7,1894,52.8008
8,1894,52.4282
9,1894,53.5262
10,1894,56.4746
11,1894,59.369
12,1894,64.4774
1,1895,66.3926
2,1895,66.1892
3,1895,64.0562
4,1895,59.576
5,1895,57.3242
6,1895,54.284
7,1895,49.856
8,1895,51.0422
9,1895,54.653
10,1895,56.255
11,1895,57.6788
12,1895,63.6314
1,1896,65.2532
2,1896,65.0732
3,1896,65.5088
4,1896,61.5632
5,1896,57.5402
6,1896,55.5926
7,1896,53.402
8,1896,51.9332
9,1896,55.4864
10,1896,54.8402
11,1896,57.794
12,1896,64.3982
1,1897,65.282
2,1897,67.5266
3,1897,64.5656
4,1897,60.773
5,1897,58.0964
6,1897,54.329
7,1897,53.3984
8,1897,52.6856
9,1897,54.6152
10,1897,55.6286
11,1897,58.8524
12,1897,61.3634
1,1898,64.184
2,1898,63.0464
3,1898,62.582
4,1898,61.1852
5,1898,57.848
6,1898,54.6044
7,1898,53.5946
8,1898,52.9232
9,1898,54.41
10,1898,55.7258
11,1898,59.945
12,1898,63.2912
1,1899,64.9976
2,1899,65.435
3,1899,64.4108
4,1899,62.5514
5,1899,56.0822
6,1899,54.7304
7,1899,50.7902
8,1899,52.2824
9,1899,54.7484
10,1899,56.0768
11,1899,58.8128
12,1899,62.1266
1,1900,63.5216
2,1900,64.9418
3,1900,65.705
4,1900,63.8816
5,1900,58.001
6,1900,54.7088
7,1900,53.195
8,1900,54.6584
9,1900,54.2462
10,1900,57.452
11,1900,58.7264
12,1900,60.8306
1,1901,63.3002
2,1901,64.0166
3,1901,63.1346
4,1901,61.2158
5,1901,56.6996
6,1901,56.5016
7,1901,52.2374
8,1901,52.6334
9,1901,55.5188
10,1901,56.5088
11,1901,57.9272
12,1901,60.7568
1,1902,63.6782
2,1902,65.3342
3,1902,64.8788
4,1902,60.5408
5,1902,55.9454
6,1902,54.4154
7,1902,51.2114
8,1902,51.4832
9,1902,51.4508
10,1902,53.996
11,1902,57.4736
12,1902,59.7794
1,1903,61.9214
2,1903,64.7798
3,1903,63.455
4,1903,59.351
5,1903,56.939
6,1903,53.7134
7,1903,53.015
8,1903,52.1906
9,1903,54.1328
10,1903,58.8254
11,1903,61.1024
12,1903,64.2344
1,1904,64.2776
2,1904,64.607
3,1904,63.6494
4,1904,60.1376
5,1904,56.7086
6,1904,53.8628
7,1904,52.9268
8,1904,52.5434
9,1904,53.7818
10,1904,55.0958
11,1904,57.5834
12,1904,59.018
1,1905,61.6046
2,1905,64.778
3,1905,64.1372
4,1905,60.9404
5,1905,58.9136
6,1905,54.5288
7,1905,52.2824
8,1905,52.61
9,1905,54.2426
10,1905,54.9896
11,1905,59.126
12,1905,61.304
1,1906,62.1986
2,1906,62.897
3,1906,62.2706
4,1906,59.6426
5,1906,56.7086
6,1906,53.663
7,1906,53.5352
8,1906,52.889
9,1906,53.5748
10,1906,56.399
11,1906,58.262
12,1906,62.2886
1,1907,65.0444
2,1907,65.0462
3,1907,65.5232
4,1907,62.8358
5,1907,56.795
6,1907,53.9258
7,1907,52.8746
8,1907,53.5262
9,1907,54.0806
10,1907,56.12
11,1907,60.908
12,1907,65.138
1,1908,65.678
2,1908,65.7032
3,1908,65.0084
4,1908,61.0646
5,1908,58.4276
6,1908,54.5288
7,1908,51.827
8,1908,52.0196
9,1908,54.6044
10,1908,55.1534
11,1908,59.0054
12,1908,60.8666
1,1909,63.1886
2,1909,65.2496
3,1909,65.3576
4,1909,60.7262
5,1909,58.874
6,1909,56.6186
7,1909,54.9716
8,1909,54.0068
9,1909,55.4414
10,1909,56.3432
11,1909,60.6308
12,1909,64.3388
1,1910,66.9434
2,1910,68.585
3,1910,66.1334
4,1910,59.6534
5,1910,58.487
6,1910,55.6394
7,1910,53.546
8,1910,54.0068
9,1910,54.7772
10,1910,57.4646
11,1910,60.7172
12,1910,62.1086
1,1911,64.0544
2,1911,64.4558
3,1911,65.9552
4,1911,64.6502
5,1911,58.5716
6,1911,54.8042
7,1911,53.0888
8,1911,53.5748
9,1911,54.536
10,1911,55.463
11,1911,58.6562
12,1911,60.1016
1,1912,63.2624
2,1912,63.8708
3,1912,62.5748
4,1912,60.7388
5,1912,55.8914
6,1912,54.1814
7,1912,52.4516
8,1912,51.5984
9,1912,55.292
10,1912,56.1452
11,1912,58.7192
12,1912,61.8908
1,1913,65.552
2,1913,65.8364
3,1913,66.1532
4,1913,59.7722
5,1913,54.5828
6,1913,53.303
7,1913,53.9636
8,1913,54.2174
9,1913,55.2308
10,1913,57.3134
11,1913,59.5616
12,1913,60.143
1,1914,67.3142
2,1914,66.362
3,1914,65.336
4,1914,61.6064
5,1914,56.3342
6,1914,53.6648
7,1914,52.5218
8,1914,52.4732
9,1914,54.2714
10,1914,55.9814
11,1914,58.6814
12,1914,60.656
1,1915,66.2378
2,1915,66.0956
3,1915,63.0266
4,1915,60.0746
5,1915,57.1388
6,1915,55.0544
7,1915,54.3488
8,1915,53.5208
9,1915,57.245
10,1915,58.2512
11,1915,59.423
12,1915,62.546
1,1916,64.7762
2,1916,68.5256
3,1916,67.4726
4,1916,61.8908
5,1916,59.1242
6,1916,56.8688
7,1916,54.6044
8,1916,53.573
9,1916,55.1966
10,1916,56.9642
11,1916,60.4796
12,1916,64.1282
1,1917,65.7878
2,1917,65.0264
3,1917,63.644
4,1917,62.3282
5,1917,58.7714
6,1917,55.3046
7,1917,54.716
8,1917,53.069
9,1917,55.319
10,1917,57.6356
11,1917,59.963
12,1917,61.9538
1,1918,65.2154
2,1918,66.254
3,1918,64.2704
4,1918,62.114
5,1918,57.8534
6,1918,55.2452
7,1918,51.17
8,1918,52.6244
9,1918,53.9996
10,1918,56.741
11,1918,58.6148
12,1918,59.6354
1,1919,63.14
2,1919,66.947
3,1919,63.8798
4,1919,59.6102
5,1919,56.606
6,1919,54.1994
7,1919,53.1158
8,1919,52.538
9,1919,53.2274
10,1919,55.9724
11,1919,57.083
12,1919,60.3878
1,1920,63.2318
2,1920,66.272
3,1920,64.508
4,1920,60.827
5,1920,55.8734
6,1920,55.0364
7,1920,52.754
8,1920,52.394
9,1920,54.077
10,1920,56.759
11,1920,59.144
12,1920,62.798
1,1921,64.4954
2,1921,65.2766
3,1921,64.6358
4,1921,59.6498
5,1921,58.073
6,1921,56.363
7,1921,53.5928
8,1921,53.7188
9,1921,55.5584
10,1921,57.5852
11,1921,58.7534
12,1921,62.2544
1,1922,66.137
2,1922,66.4178
3,1922,64.5926
4,1922,61.1402
5,1922,58.3124
6,1922,53.6324
7,1922,52.898
8,1922,53.906
9,1922,54.3056
10,1922,57.9992
11,1922,59.6732
12,1922,62.7404
1,1923,64.7276
2,1923,64.3622
3,1923,62.915
4,1923,58.9208
5,1923,58.5068
6,1923,54.7916
7,1923,52.2626
8,1923,51.6668
9,1923,54.6944
10,1923,56.6528
11,1923,60.4274
12,1923,64.1516
1,1924,66.227
2,1924,67.4492
3,1924,66.8372
4,1924,64.8824
5,1924,58.2368
6,1924,54.9698
7,1924,52.7576
8,1924,53.3768
9,1924,55.7132
10,1924,57.3116
11,1924,60.2546
12,1924,61.0826
1,1925,64.9364
2,1925,65.2892
3,1925,63.3218
4,1925,60.3086
5,1925,58.0766
6,1925,54.4766
7,1925,53.0438
8,1925,52.2374
9,1925,53.7872
10,1925,56.651
11,1925,57.884
12,1925,62.0726
1,1926,65.327
2,1926,62.7602
3,1926,63.1976
4,1926,61.8656
5,1926,58.8758
6,1926,53.6792
7,1926,53.8196
8,1926,53.4488
9,1926,54.5054
10,1926,58.0244
11,1926,58.1036
12,1926,61.6136
1,1927,65.6492
2,1927,66.8372
3,1927,64.508
4,1927,60.3032
5,1927,57.5294
6,1927,53.0564
7,1927,54.1508
8,1927,52.907
9,1927,55.139
10,1927,56.4332
11,1927,59.0792
12,1927,61.457
1,1928,64.8104
2,1928,68.6066
3,1928,66.6428
4,1928,64.8122
5,1928,60.6128
6,1928,55.148
7,1928,54.221
8,1928,53.8088
9,1928,55.8734
10,1928,57.3062
11,1928,60.5678
12,1928,62.8448
1,1929,65.7824
2,1929,65.597
3,1929,66.4592
4,1929,61.637
5,1929,57.7076
6,1929,56.561
7,1929,52.5218
8,1929,53.087
9,1929,53.5748
10,1929,57.164
11,1929,60.7892
12,1929,62.6846
1,1930,64.6124
2,1930,65.156
3,1930,63.6566
4,1930,60.7676
5,1930,56.3288
6,1930,54.1256
7,1930,52.0682
8,1930,54.4244
9,1930,53.4182
10,1930,55.0418
11,1930,57.5492
12,1930,62.7134
1,1931,65.273
2,1931,62.582
3,1931,63.0248
4,1931,61.3364
5,1931,56.5142
6,1931,54.4226
7,1931,54.7412
8,1931,53.717
9,1931,53.3012
10,1931,56.0444
11,1931,62.1554
12,1931,62.7188
1,1932,64.1444
2,1932,65.7878
3,1932,64.7924
4,1932,62.2526
5,1932,57.056
6,1932,54.176
7,1932,51.4364
8,1932,51.953
9,1932,55.0256
10,1932,58.6904
11,1932,59.9396
12,1932,63.0086
1,1933,66.7778
2,1933,68.0792
3,1933,65.993
4,1933,62.1266
5,1933,58.64
6,1933,53.3264
7,1933,53.6846
8,1933,53.3246
9,1933,55.1462
10,1933,56.6114
11,1933,59.603
12,1933,63.5198
1,1934,63.329
2,1934,65.1704
3,1934,63.7754
4,1934,61.8368
5,1934,57.002
6,1934,54.8816
7,1934,52.3094
8,1934,53.7746
9,1934,55.2452
10,1934,57.1316
11,1934,61.9844
12,1934,67.0496
1,1935,69.206
2,1935,69.5552
3,1935,66.2738
4,1935,63.2696
5,1935,57.0308
6,1935,55.9256
7,1935,53.4722
8,1935,53.564
9,1935,53.1248
10,1935,57.2936
11,1935,57.956
12,1935,64.688
1,1936,65.9354
2,1936,65.7518
3,1936,63.2228
4,1936,62.5406
5,1936,55.7276
6,1936,54.1382
7,1936,52.5722
8,1936,54.6962
9,1936,54.0554
10,1936,58.6688
11,1936,60.044
12,1936,61.8044
1,1937,64.1912
2,1937,63.8654
3,1937,64.5314
4,1937,60.296
5,1937,58.1576
6,1937,53.339
7,1937,52.0556
8,1937,53.2184
9,1937,54.4442
10,1937,55.9742
11,1937,60.6344
12,1937,65.7824
1,1938,68.198
2,1938,70.3742
3,1938,68.3492
4,1938,67.4168
5,1938,60.125
6,1938,55.355
7,1938,53.5046
8,1938,54.1166
9,1938,55.346
10,1938,57.4376
11,1938,62.2616
12,1938,61.9898
1,1939,62.942
2,1939,64.1534
3,1939,65.1434
4,1939,61.8746
5,1939,58.6022
6,1939,57.1298
7,1939,51.4112
8,1939,53.69
9,1939,54.8546
10,1939,55.4108
11,1939,59.2016
12,1939,62.4182
1,1940,66.2738
2,1940,65.21
3,1940,63.0788
4,1940,58.3736
5,1940,55.6322
6,1940,53.9978
7,1940,52.3292
8,1940,54.3164
9,1940,55.4468
10,1940,56.6096
11,1940,58.1558
12,1940,64.6016
1,1941,66.8156
2,1941,66.6086
3,1941,65.9246
4,1941,59.8712
5,1941,58.226
6,1941,53.5298
7,1941,53.2562
8,1941,52.5614
9,1941,54.8114
10,1941,55.409
11,1941,59.2826
12,1941,62.8808
1,1942,63.6026
2,1942,64.8698
3,1942,65.57
4,1942,62.537
5,1942,58.8254
6,1942,54.5864
7,1942,55.0184
8,1942,54.5432
9,1942,55.85
10,1942,59.1728
11,1942,60.557
12,1942,62.7242
1,1943,65.7194
2,1943,66.7112
3,1943,63.7718
4,1943,61.7396
5,1943,57.0974
6,1943,55.8698
7,1943,53.1626
8,1943,52.3976
9,1943,54.797
10,1943,56.246
11,1943,60.6938
12,1943,64.6448
1,1944,66.7598
2,1944,66.9776
3,1944,65.2442
4,1944,62.5622
5,1944,56.8184
6,1944,53.9528
7,1944,53.5442
8,1944,53.645
9,1944,54.1778
10,1944,57.3908
11,1944,59.7434
12,1944,61.2248
1,1945,66.1064
2,1945,66.119
3,1945,63.8474
4,1945,61.7936
5,1945,56.5286
6,1945,52.3256
7,1945,52.3094
8,1945,55.85
9,1945,54.8834
10,1945,55.0094
11,1945,60.5768
12,1945,60.1016
1,1946,64.0508
2,1946,67.0298
3,1946,65.3126
4,1946,63.1922
5,1946,60.1574
6,1946,56.8328
7,1946,55.8536
8,1946,54.8924
9,1946,55.985
10,1946,56.6744
11,1946,57.119
12,1946,60.8666
1,1947,63.0356
2,1947,64.5062
3,1947,64.3658
4,1947,62.168
5,1947,57.9884
6,1947,55.6664
7,1947,54.3542
8,1947,53.8916
9,1947,55.391
10,1947,57.119
11,1947,59.0846
12,1947,64.1696
1,1948,66.6374
2,1948,66.4862
3,1948,67.1324
4,1948,62.555
5,1948,59.1278
6,1948,54.518
7,1948,55.5044
8,1948,53.7818
9,1948,56.6672
10,1948,58.2764
11,1948,60.3806
12,1948,62.7872
1,1949,64.4936
2,1949,67.7714
3,1949,64.3946
4,1949,58.5842
5,1949,57.8948
6,1949,56.5412
7,1949,55.7636
8,1949,53.7188
9,1949,54.9266
10,1949,58.6616
11,1949,60.6254
12,1949,62.483
1,1950,66.119
2,1950,66.227
3,1950,64.7996
4,1950,61.7774
5,1950,62.0996
6,1950,56.4944
7,1950,53.6648
8,1950,53.4956
9,1950,55.6736
10,1950,58.2098
11,1950,62.0042
12,1950,64.9904
1,1951,65.8652
2,1951,65.6474
3,1951,65.5988
4,1951,61.9376
5,1951,56.678
6,1951,52.8242
7,1951,53.789
8,1951,52.3256
9,1951,54.8222
10,1951,57.137
11,1951,60.1538
12,1951,60.7154
1,1952,63.3578
2,1952,68.1584
3,1952,64.0832
4,1952,61.2914
5,1952,57.8408
6,1952,56.5376
7,1952,52.0826
8,1952,54.9914
9,1952,54.8222
10,1952,57.7292
11,1952,59.7776
12,1952,62.5514
1,1953,63.5648
2,1953,64.6466
3,1953,64.9904
4,1953,61.907
5,1953,59.4824
6,1953,56.4224
7,1953,53.213
8,1953,54.3812
9,1953,56.003
10,1953,56.6996
11,1953,61.6748
12,1953,64.787
1,1954,66.8498
2,1954,68.8694
3,1954,66.1604
4,1954,60.4634
5,1954,59.252
6,1954,56.1758
7,1954,54.0374
8,1954,53.2418
9,1954,54.3272
10,1954,55.5998
11,1954,62.0492
12,1954,64.0886
1,1955,66.3908
2,1955,70.6208
3,1955,67.3574
4,1955,63.896
5,1955,61.2248
6,1955,54.7466
7,1955,52.4426
8,1955,55.0472
9,1955,55.8716
10,1955,58.1234
11,1955,59.8586
12,1955,64.3262
1,1956,68.2988
2,1956,67.5554
3,1956,64.526
4,1956,66.713
5,1956,60.395
6,1956,57.4052
7,1956,54.2012
8,1956,54.32
9,1956,55.6322
10,1956,58.379
11,1956,60.6038
12,1956,63.2066
1,1957,65.8202
2,1957,68.6012
3,1957,66.3872
4,1957,62.645
5,1957,59.873
6,1957,54.977
7,1957,51.836
8,1957,55.0778
9,1957,55.481
10,1957,55.6466
11,1957,60.152
12,1957,61.6532
1,1958,64.8914
2,1958,69.1304
3,1958,67.0568
4,1958,60.2798
5,1958,58.982
6,1958,55.553
7,1958,53.5622
8,1958,54.6458
9,1958,54.8258
10,1958,59.4032
11,1958,61.1564
12,1958,65.3144
1,1959,67.5644
2,1959,66.3638
3,1959,65.66
4,1959,61.3094
5,1959,55.5044
6,1959,53.312
7,1959,53.6576
8,1959,54.5054
9,1959,55.9022
10,1959,57.0056
11,1959,60.4796
12,1959,64.9076
1,1960,66.1946
2,1960,67.1324
3,1960,63.7322
4,1960,60.6776
5,1960,59.774
6,1960,55.9904
7,1960,53.4704
8,1960,53.555
9,1960,56.4116
10,1960,57.7616
11,1960,60.1628
12,1960,60.8252
1,1961,65.327
2,1961,66.1478
3,1961,64.6232
4,1961,61.889
5,1961,58.2278
6,1961,55.7978
7,1961,53.4272
8,1961,52.79
9,1961,54.8132
10,1961,58.5716
11,1961,60.7226
12,1961,65.4476
1,1962,68.7938
2,1962,67.793
3,1962,65.5286
4,1962,63.149
5,1962,61.2212
6,1962,56.9102
7,1962,54.4262
8,1962,54.9284
9,1962,55.4954
10,1962,59.4716
11,1962,60.395
12,1962,62.8322
1,1963,65.921
2,1963,68.4662
3,1963,65.183
4,1963,60.3356
5,1963,58.244
6,1963,55.0256
7,1963,54.8024
8,1963,52.97
9,1963,55.589
10,1963,57.2684
11,1963,59.0972
12,1963,62.2058
1,1964,63.7124
2,1964,66.6734
3,1964,65.1578
4,1964,61.5182
5,1964,57.0506
6,1964,55.4954
7,1964,55.6682
8,1964,54.3308
9,1964,54.6008
10,1964,56.435
11,1964,59.2628
12,1964,63.6908
1,1965,66.7382
2,1965,64.6826
3,1965,63.8492
4,1965,61.2428
5,1965,57.5402
6,1965,54.0716
7,1965,51.4886
8,1965,53.2094
9,1965,55.265
10,1965,55.508
11,1965,58.8002
12,1965,62.4524
1,1966,66.0686
2,1966,70.0142
3,1966,67.0928
4,1966,61.8404
5,1966,56.6888
6,1966,54.3164
7,1966,53.4326
8,1966,51.971
9,1966,54.9284
10,1966,55.7312
11,1966,58.991
12,1966,61.7756
1,1967,63.5306
2,1967,65.5412
3,1967,66.2162
4,1967,61.9862
5,1967,58.6148
6,1967,53.519
7,1967,53.852
8,1967,56.8562
9,1967,54.896
10,1967,58.6958
11,1967,61.0412
12,1967,63.473
1,1968,64.5332
2,1968,66.0722
3,1968,69.3158
4,1968,62.3138
5,1968,59.0468
6,1968,56.2172
7,1968,53.4398
8,1968,54.3776
9,1968,53.8484
10,1968,56.1704
11,1968,58.0892
12,1968,60.9044
1,1969,64.1264
2,1969,65.228
3,1969,63.662
4,1969,60.7388
5,1969,58.4348
6,1969,54.2552
7,1969,51.1268
8,1969,53.636
9,1969,56.6132
10,1969,55.3622
11,1969,60.8792
12,1969,65.6708
1,1970,68.6876
2,1970,67.1702
3,1970,67.5014
4,1970,63.149
5,1970,57.695
6,1970,55.9688
7,1970,54.6188
8,1970,55.2938
9,1970,56.9786
10,1970,58.478
11,1970,60.764
12,1970,64.9526
1,1971,67.6724
2,1971,68.5382
3,1971,65.0102
4,1971,62.5442
5,1971,59.4446
6,1971,58.6652
7,1971,53.4488
8,1971,56.1344
9,1971,56.192
10,1971,57.6878
11,1971,60.197
12,1971,63.8438
1,1972,64.7312
2,1972,65.201
3,1972,67.2116
4,1972,62.6378
5,1972,58.4708
6,1972,53.1806
7,1972,54.599
8,1972,52.2698
9,1972,56.0624
10,1972,57.9398
11,1972,63.527
12,1972,61.8188
1,1973,66.1532
2,1973,66.6176
3,1973,66.317
4,1973,62.132
5,1973,59.8964
6,1973,56.7752
7,1973,53.465
8,1973,55.3514
9,1973,56.9282
10,1973,58.379
11,1973,62.6666
12,1973,64.7042
1,1974,66.092
2,1974,71.1284
3,1974,64.589
4,1974,63.3956
5,1974,59.5328
6,1974,56.1704
7,1974,56.147
8,1974,54.2534
9,1974,56.6654
10,1974,57.8534
11,1974,61.898
12,1974,65.444
1,1975,67.8452
2,1975,68.5598
3,1975,67.433
4,1975,62.6684
5,1975,61.0394
6,1975,54.1148
7,1975,53.096
8,1975,55.283
9,1975,56.0678
10,1975,58.6814
11,1975,60.116
12,1975,62.6558
1,1976,66.4214
2,1976,62.8934
3,1976,66.2576
4,1976,62.6774
5,1976,57.155
6,1976,53.7512
7,1976,53.645
8,1976,55.652
9,1976,54.5702
10,1976,56.5322
11,1976,58.2476
12,1976,62.4074
1,1977,64.2578
2,1977,66.686
3,1977,66.5114
4,1977,62.0132
5,1977,55.6142
6,1977,55.5926
7,1977,54.5
8,1977,53.9312
9,1977,52.1672
10,1977,55.868
11,1977,58.3574
12,1977,61.1384
1,1978,66.6644
2,1978,68.4968
3,1978,66.4754
4,1978,64.5404
5,1978,58.82
6,1978,55.6556
7,1978,54.4028
8,1978,54.1112
9,1978,55.1444
10,1978,54.9086
11,1978,60.4256
12,1978,63.1976
1,1979,67.388
2,1979,66.1424
3,1979,67.955
4,1979,61.9412
5,1979,58.514
6,1979,57.3746
7,1979,53.9672
8,1979,54.2336
9,1979,55.7744
10,1979,57.4214
11,1979,60.9962
12,1979,63.1238
1,1980,66.0614
2,1980,66.9218
3,1980,63.7556
4,1980,60.125
5,1980,58.406
6,1980,55.7384
7,1980,53.7728
8,1980,53.2238
9,1980,56.381
10,1980,58.2512
11,1980,59.4212
12,1980,62.2436
1,1981,68.018
2,1981,68.549
3,1981,68.6048
4,1981,63.5522
5,1981,58.6724
6,1981,57.4268
7,1981,54.0176
8,1981,53.411
9,1981,54.887
10,1981,56.2982
11,1981,59.738
12,1981,65.2892
1,1982,66.7814
2,1982,68.1818
3,1982,64.5062
4,1982,59.5724
5,1982,58.4402
6,1982,53.5244
7,1982,52.5254
8,1982,53.6306
9,1982,55.0832
10,1982,55.1894
11,1982,61.7648
12,1982,62.0456
1,1983,64.121
2,1983,65.3774
3,1983,66.2036
4,1983,62.1266
5,1983,58.1216
6,1983,55.4864
7,1983,51.5678
8,1983,54.122
9,1983,56.5376
10,1983,58.1144
11,1983,59.7308
12,1983,61.9916
1,1984,63.3542
2,1984,66.11
3,1984,66.4862
4,1984,61.169
5,1984,58.1648
6,1984,56.156
7,1984,55.2488
8,1984,55.9382
9,1984,55.0238
10,1984,56.3198
11,1984,62.6504
12,1984,65.9354
1,1985,67.5536
2,1985,66.5942
3,1985,65.2676
4,1985,61.7018
5,1985,57.0902
6,1985,56.759
7,1985,56.1236
8,1985,53.8016
9,1985,56.3036
10,1985,56.399
11,1985,59.9918
12,1985,64.4414
1,1986,68.5022
2,1986,67.5734
3,1986,65.165
4,1986,62.6648
5,1986,59.1584
6,1986,55.2182
7,1986,53.123
8,1986,53.0978
9,1986,55.3568
10,1986,58.406
11,1986,60.5264
12,1986,63.0554
1,1987,67.5842
2,1987,65.8292
3,1987,63.8888
4,1987,62.2364
5,1987,58.5698
6,1987,55.751
7,1987,54.3848
8,1987,55.3244
9,1987,56.3054
10,1987,58.2386
11,1987,60.9998
12,1987,63.9176
1,1988,65.8328
2,1988,68.5166
3,1988,64.7618
4,1988,61.0772
5,1988,60.188
6,1988,57.0056
7,1988,56.1362
8,1988,55.6574
9,1988,57.8228
10,1988,58.766
11,1988,62.4848
12,1988,65.2172
1,1989,67.0496
2,1989,66.8102
3,1989,66.7634
4,1989,63.2066
5,1989,59.1188
6,1989,56.5916
7,1989,52.8854
8,1989,55.0076
9,1989,58.037
10,1989,59.5418
11,1989,62.0708
12,1989,63.3722
1,1990,66.767
2,1990,70.1654
3,1990,68.5454
4,1990,64.2686
5,1990,60.0404
6,1990,55.2164
7,1990,55.4702
8,1990,55.3838
9,1990,54.4532
10,1990,59.1638
11,1990,61.565
12,1990,64.5116
1,1991,66.7454
2,1991,68.0378
3,1991,65.534
4,1991,61.4876
5,1991,58.154
6,1991,55.049
7,1991,53.8628
8,1991,56.1506
9,1991,56.7068
10,1991,56.9192
11,1991,58.1054
12,1991,62.9168
1,1992,66.1046
2,1992,66.7922
3,1992,63.3794
4,1992,58.343
5,1992,56.2226
6,1992,54.212
7,1992,55.22
8,1992,53.258
9,1992,53.7782
10,1992,56.0858
11,1992,61.4264
12,1992,63.0284
1,1993,65.4764
2,1993,65.5196
3,1993,63.977
4,1993,60.3392
5,1993,58.8038
6,1993,56.705
7,1993,53.0708
8,1993,52.2572
9,1993,53.6324
10,1993,57.6356
11,1993,58.0334
12,1993,61.8818
1,1994,67.4186
2,1994,67.5752
3,1994,63.7268
4,1994,61.5812
5,1994,59.6714
6,1994,54.518
7,1994,53.4524
8,1994,53.942
9,1994,54.3164
10,1994,55.8536
11,1994,60.0746
12,1994,64.1966
1,1995,66.7688
2,1995,68.3708
3,1995,66.9164
4,1995,65.4332
5,1995,60.3086
6,1995,55.6934
7,1995,53.6234
8,1995,53.699
9,1995,55.9274
10,1995,57.1946
11,1995,59.7272
12,1995,65.3018
1,1996,67.658
2,1996,68.7992
3,1996,64.7222
4,1996,63.9536
5,1996,58.487
6,1996,54.6296
7,1996,54.8402
8,1996,54.1922
9,1996,57.695
10,1996,58.199
11,1996,59.7596
12,1996,62.5154
1,1997,64.2758
2,1997,67.325
3,1997,65.2568
4,1997,60.6002
5,1997,60.3176
6,1997,54.9212
7,1997,53.0798
8,1997,53.3462
9,1997,55.427
10,1997,57.2
11,1997,60.8378
12,1997,64.067
1,1998,66.8318
2,1998,70.7882
3,1998,68.2556
4,1998,64.211
5,1998,60.5426
6,1998,58.4492
7,1998,58.316
8,1998,55.5008
9,1998,57.4718
10,1998,59.9576
11,1998,62.0294
12,1998,64.7618
1,1999,69.3536
2,1999,68.018
3,1999,68.3618
4,1999,63.5162
5,1999,60.782
6,1999,56.5016
7,1999,55.3172
8,1999,54.3992
9,1999,56.8238
10,1999,59.6084
11,1999,61.9934
12,1999,62.5928
1,2000,65.543
2,2000,67.2062
3,2000,65.5682
4,2000,63.0914
5,2000,60.701
6,2000,56.9066
7,2000,57.5546
8,2000,54.9806
9,2000,56.6204
10,2000,58.3106
11,2000,58.5518
12,2000,64.8338
1,2001,65.2298
2,2001,68.756
3,2001,65.9552
4,2001,62.7656
5,2001,60.6866
6,2001,55.5494
7,2001,53.3696
8,2001,55.3856
9,2001,56.9516
10,2001,60.5246
11,2001,61.6928
12,2001,65.435
1,2002,66.0668
2,2002,66.5384
3,2002,66.4988
4,2002,61.4588
5,2002,60.2024
6,2002,59.1836
7,2002,54.9698
8,2002,54.6584
9,2002,56.6978
10,2002,56.0084
11,2002,58.7822
12,2002,63.2408
1,2003,65.4206
2,2003,66.5618
3,2003,66.3368
4,2003,62.5406
5,2003,60.2996
6,2003,58.5248
7,2003,53.033
8,2003,54.5108
9,2003,56.8436
10,2003,56.8634
11,2003,59.8244
12,2003,64.7168
1,2004,67.802
2,2004,66.1964
3,2004,62.7728
4,2004,60.4346
5,2004,59.6858
6,2004,57.0038
7,2004,53.6
8,2004,52.763
9,2004,54.9068
10,2004,57.6266
11,2004,60.7838
12,2004,60.2006
1,2005,65.579
2,2005,68.6102
3,2005,67.2728
4,2005,62.2814
5,2005,60.9908
6,2005,55.8068
7,2005,56.381
8,2005,55.058
9,2005,57.5582
10,2005,58.4852
11,2005,60.845
12,2005,65.7464
1,2006,67.127
2,2006,67.7498
3,2006,65.2892
4,2006,64.1624
5,2006,59.2394
6,2006,53.3102
7,2006,54.338
8,2006,54.5612
9,2006,57.4898
10,2006,57.263
11,2006,60.6092
12,2006,60.4112
1,2007,66.0992
2,2007,67.2206
3,2007,67.1054
4,2007,61.8008
5,2007,61.0268
6,2007,56.6654
7,2007,55.7132
8,2007,55.7528
9,2007,56.7644
10,2007,57.839
11,2007,60.206
12,2007,64.679
1,2008,68.2592
2,2008,67.6022
3,2008,67.2116
4,2008,63.4388
5,2008,57.5132
6,2008,57.1568
7,2008,55.2866
8,2008,54.3866
9,2008,56.6942
10,2008,57.7436
11,2008,61.0088
12,2008,63.9338
1,2009,66.9722
2,2009,69.2852
3,2009,65.2694
4,2009,62.3264
5,2009,56.1794
6,2009,53.9726
7,2009,54.1616
8,2009,56.7752
9,2009,56.9048
10,2009,56.201
11,2009,60.5444
12,2009,63.752
1,2010,66.2864
2,2010,69.6866
3,2010,66.2972
4,2010,63.0824
5,2010,60.0332
6,2010,56.5682
7,2010,54.0536
8,2010,56.1182
9,2010,57.128
10,2010,57.2054
11,2010,61.5848
12,2010,66.6986
1,2011,68.2952
2,2011,69.6776
3,2011,66.7436
4,2011,62.9474
5,2011,61.7252
6,2011,58.1198
7,2011,55.0886
8,2011,53.501
9,2011,54.932
10,2011,59.009
11,2011,60.8018
12,2011,64.0364
1,2012,65.2964
2,2012,66.7994
3,2012,64.418
4,2012,62.888
5,2012,58.2242
6,2012,55.3136
7,2012,55.0058
8,2012,55.4162
9,2012,56.1812
10,2012,57.5078
11,2012,58.6076
12,2012,65.5538
1,2013,66.722
2,2013,66.6932
3,2013,66.7688
4,2013,64.1102
5,2013,59.5004
6,2013,56.21
7,2013,54.221
8,2013,56.7644
